{"cameraMode":{"drawMode":0,"name":"Shaded","section":"Shading Mode"},"sceneLighting":false,"audioPlay":false,"sceneViewState":{"m_AlwaysRefresh":false,"showFog":true,"showSkybox":false,"showFlares":true,"showImageEffects":true,"showParticleSystems":true,"showVisualEffectGraphs":true,"m_FxEnabled":true},"in2DMode":false,"pivot":{"x":334.53350830078127,"y":167.69454956054688,"z":25.279930114746095},"rotation":{"x":0.0023829289712011816,"y":-0.11674017459154129,"z":0.00027166918152943254,"w":0.9932002425193787},"size":217.35704040527345,"orthographic":true}