{"cameraMode":{"drawMode":0,"name":"Shaded","section":"Shading Mode"},"sceneLighting":false,"audioPlay":false,"sceneViewState":{"m_AlwaysRefresh":false,"showFog":true,"showSkybox":false,"showFlares":true,"showImageEffects":true,"showParticleSystems":true,"showVisualEffectGraphs":true,"m_FxEnabled":true},"in2DMode":false,"pivot":{"x":-1.5491969585418702,"y":1.1070890426635743,"z":-2.6960647106170656},"rotation":{"x":0.1608128547668457,"y":-0.8340818285942078,"z":0.31909769773483279,"w":0.42032548785209658},"size":15.674545288085938,"orthographic":false}