{"cameraMode":{"drawMode":0,"name":"Shaded","section":"Shading Mode"},"sceneLighting":false,"audioPlay":false,"sceneViewState":{"m_AlwaysRefresh":false,"showFog":true,"showSkybox":false,"showFlares":true,"showImageEffects":true,"showParticleSystems":true,"showVisualEffectGraphs":true,"m_FxEnabled":true},"in2DMode":false,"pivot":{"x":-4.885172367095947,"y":-0.166139155626297,"z":-1.311584234237671},"rotation":{"x":0.04347371309995651,"y":-0.023975007236003877,"z":0.0010435734875500203,"w":0.9987666606903076},"size":0.7749084830284119,"orthographic":false}