{"cameraMode":{"drawMode":0,"name":"Shaded","section":"Shading Mode"},"sceneLighting":false,"audioPlay":false,"sceneViewState":{"m_AlwaysRefresh":false,"showFog":true,"showSkybox":false,"showFlares":true,"showImageEffects":true,"showParticleSystems":true,"showVisualEffectGraphs":true,"m_FxEnabled":true},"in2DMode":false,"pivot":{"x":361.60009765625,"y":-22.413314819335939,"z":-11.826709747314454},"rotation":{"x":0.04497634246945381,"y":-0.030277451500296594,"z":-0.0013980998191982508,"w":-0.9986308813095093},"size":62.80962371826172,"orthographic":true}