{"cameraMode":{"drawMode":0,"name":"Shaded","section":"Shading Mode"},"sceneLighting":false,"audioPlay":false,"sceneViewState":{"m_AlwaysRefresh":false,"showFog":true,"showSkybox":false,"showFlares":true,"showImageEffects":true,"showParticleSystems":true,"showVisualEffectGraphs":true,"m_FxEnabled":true},"in2DMode":false,"pivot":{"x":289.2532043457031,"y":-4.759464263916016,"z":0.2814483642578125},"rotation":{"x":-0.03591792285442352,"y":-0.06323578208684921,"z":0.0022341564763337375,"w":-0.9974521994590759},"size":78.3852310180664,"orthographic":true}