{"cameraMode":{"drawMode":0,"name":"Shaded","section":"Shading Mode"},"sceneLighting":false,"audioPlay":false,"sceneViewState":{"m_AlwaysRefresh":false,"showFog":true,"showSkybox":false,"showFlares":true,"showImageEffects":true,"showParticleSystems":true,"showVisualEffectGraphs":true,"m_FxEnabled":true},"in2DMode":false,"pivot":{"x":3.393317222595215,"y":-0.20000000298023225,"z":8.749039649963379},"rotation":{"x":0.1118938997387886,"y":0.5990225672721863,"z":-0.08502665162086487,"w":0.7883087396621704},"size":0.08660262078046799,"orthographic":false}