{"cameraMode":{"drawMode":0,"name":"Shaded","section":"Shading Mode"},"sceneLighting":false,"audioPlay":false,"sceneViewState":{"m_AlwaysRefresh":false,"showFog":true,"showSkybox":false,"showFlares":true,"showImageEffects":true,"showParticleSystems":true,"showVisualEffectGraphs":true,"m_FxEnabled":true},"in2DMode":false,"pivot":{"x":6.256350517272949,"y":0.1976833939552307,"z":3.3672056198120119},"rotation":{"x":-0.02535257302224636,"y":0.10597142577171326,"z":-0.0026668694335967304,"w":-0.9941582083702087},"size":0.8412176966667175,"orthographic":true}