{"cameraMode":{"drawMode":0,"name":"Shaded","section":"Shading Mode"},"sceneLighting":false,"audioPlay":false,"sceneViewState":{"m_AlwaysRefresh":false,"showFog":true,"showSkybox":false,"showFlares":true,"showImageEffects":true,"showParticleSystems":true,"showVisualEffectGraphs":true,"m_FxEnabled":true},"in2DMode":false,"pivot":{"x":4.946359634399414,"y":1.255213975906372,"z":-0.00044992566108703613},"rotation":{"x":0.08373009413480759,"y":0.5481682419776917,"z":-0.05527719482779503,"w":0.8303282856941223},"size":0.6437263488769531,"orthographic":false}