{"cameraMode":{"drawMode":0,"name":"Shaded","section":"Shading Mode"},"sceneLighting":true,"audioPlay":false,"sceneViewState":{"m_AlwaysRefresh":false,"showFog":true,"showSkybox":true,"showFlares":true,"showImageEffects":true,"showParticleSystems":true,"showVisualEffectGraphs":true,"m_FxEnabled":true},"in2DMode":false,"pivot":{"x":-1.81241774559021,"y":5.827236175537109,"z":3.0056440830230715},"rotation":{"x":-0.10480949282646179,"y":0.0056604743003845219,"z":-0.0005834922776557505,"w":-0.9945894479751587},"size":0.9266558289527893,"orthographic":true}