{"cameraMode":{"drawMode":0,"name":"Shaded","section":"Shading Mode"},"sceneLighting":true,"audioPlay":false,"sceneViewState":{"m_AlwaysRefresh":false,"showFog":true,"showSkybox":true,"showFlares":true,"showImageEffects":true,"showParticleSystems":true,"showVisualEffectGraphs":true,"m_FxEnabled":true},"in2DMode":false,"pivot":{"x":8.716842651367188,"y":3.6717841625213625,"z":18.445051193237306},"rotation":{"x":0.13271744549274445,"y":-0.46442532539367678,"z":0.07060901075601578,"w":0.8727989792823792},"size":14.577380180358887,"orthographic":true}