{"cameraMode":{"drawMode":0,"name":"Shaded","section":"Shading Mode"},"sceneLighting":true,"audioPlay":false,"sceneViewState":{"m_AlwaysRefresh":false,"showFog":true,"showSkybox":true,"showFlares":true,"showImageEffects":true,"showParticleSystems":true,"showVisualEffectGraphs":true,"m_FxEnabled":true},"in2DMode":false,"pivot":{"x":5.454023361206055,"y":-0.06586211919784546,"z":5.2422075271606449},"rotation":{"x":0.15773499011993409,"y":-0.004443448036909103,"z":0.0007078396156430244,"w":0.9874756932258606},"size":0.8029541373252869,"orthographic":false}